ALVE01KWVRP9ZGEZY8GYWP8TJ82JQJ	Dricus Du Plessis vs. Kamaru Usman (UFC Fight Night: Du Plessis vs. Usman - Main)	UFC Fight Night	2026-07-18
ALVE01KWVRPAM3EEZ9BZ29PWSSNH63	Jared Cannonier vs. Christian Leroy Duncan (UFC Fight Night: Du Plessis vs. Usman - Main)	UFC Fight Night	2026-07-18
ALVE01KWVRPBKGEPZRRTT768D6EQGP	Chase Hooper vs. Mitch Ramirez (UFC Fight Night: Du Plessis vs. Usman - Main)	UFC Fight Night	2026-07-18
ALVE01KWVRPC25ENA9DZBWV8N90TTY	Tabatha Ricci vs. Fatima Kline (UFC Fight Night: Du Plessis vs. Usman - Main)	UFC Fight Night	2026-07-18
ALVE01KWVRPCN6EDXBWJXX4866GMW9	Tommy McMillen vs. Alberto Montes (UFC Fight Night: Du Plessis vs. Usman - Main)	UFC Fight Night	2026-07-18
ALVE01KWVRPE42EY0B4XKSE76Y7MST	Austin Bashi vs. Jose Delgado (UFC Fight Night: Du Plessis vs. Usman - Prelims)	UFC Fight Night	2026-07-18
ALVE01KWVRPGR2EJMVD4Q68QVRF8KQ	Jean-Paul Lebosnoyani vs. Seokhyeon Ko (UFC Fight Night: Du Plessis vs. Usman - Prelims)	UFC Fight Night	2026-07-18
ALVE01KWVRPFF1E8EVV904EH3AA9G5	Levi Rodrigues Jr. vs. Felipe Franco (UFC Fight Night: Du Plessis vs. Usman - Prelims)	UFC Fight Night	2026-07-18
ALVE01KXKF0K0CES8TP8V9NS6FFX4Y	Ezra Elliott vs. Damien Anderson (UFC Fight Night: Du Plessis vs. Usman - Prelims)	UFC Fight Night	2026-07-18
ALVE01KWVRPG6CEST9ZVPHV82G810X	Alden Coria vs. Stewart Nicoll (UFC Fight Night: Du Plessis vs. Usman - Prelims)	UFC Fight Night	2026-07-18
ALVE01KX74NH55E5V8SD0ZDPYT9VD5	RJ Harris vs. Alvin Hines (UFC Fight Night: Du Plessis vs. Usman - Prelims)	UFC Fight Night	2026-07-18
ALVE01KX74NEZ5E4KSWDNA1Y2XFXA6	Anna Melisano vs. Dione Barbosa (UFC Fight Night: Du Plessis vs. Usman - Prelims)	UFC Fight Night	2026-07-18
ALVE01KV5NHZ8YEXHA502EBMXCN2MA	Rafael Fiziev vs. Manuel Torres (UFC Fight Night: Fiziev vs. Torres - Main)	UFC Fight Night	2026-06-27
ALVE01KV5NJ0AFEBVTYPTGBF0585A7	Shara Magomedov vs. Michel Pereira (UFC Fight Night: Fiziev vs. Torres - Main)	UFC Fight Night	2026-06-27
ALVE01KV5NJ0ADE1HB2WJ1K8A16YVQ	Nazim Sadykhov vs. Matheus Camilo (UFC Fight Night: Fiziev vs. Torres - Main)	UFC Fight Night	2026-06-27
ALVE01KV5NJ043EDXS6H2RW7JZEE0M	Asu Almabayev vs. Charles Johnson (UFC Fight Night: Fiziev vs. Torres - Main)	UFC Fight Night	2026-06-27
ALVE01KV5NJ08JESYS782TS5492ZP0	Ikram Aliskerov vs. Brunno Ferreira (UFC Fight Night: Fiziev vs. Torres - Main)	UFC Fight Night	2026-06-27
ALVE01KV5NJ17REDKAE9EX5VEBTRZE	Abus Magomedov vs. Michal Oleksiejczuk (UFC Fight Night: Fiziev vs. Torres - Main)	UFC Fight Night	2026-06-27
ALVE01KV5NJ138E3TAXYT26S9HGENH	Farman Hasanov vs. Eric Nolan (UFC Fight Night: Fiziev vs. Torres - Prelims)	UFC Fight Night	2026-06-27
ALVE01KV5NJ0WMEFVBKSWEJG81CHND	Abdul Rakhman Yakhyaev vs. Julius Walker (UFC Fight Night: Fiziev vs. Torres - Prelims)	UFC Fight Night	2026-06-27
ALVE01KV5NHZB3EQQ8XMQQZ36PEP7Y	Nursulton Ruziboev vs. Andrey Pulyaev (UFC Fight Night: Fiziev vs. Torres - Prelims)	UFC Fight Night	2026-06-27
ALVE01KV5NHZ5RE2894REY2MPRQ4AQ	Kaan Ofli vs. Javier Reyes (UFC Fight Night: Fiziev vs. Torres - Prelims)	UFC Fight Night	2026-06-27
ALVE01KVKBQHJ6EH2BVTT0ZEMGXASK	Daniil Donchenko vs. Theodor Berggren (UFC Fight Night: Fiziev vs. Torres - Prelims)	UFC Fight Night	2026-06-27
ALVE01KV5NJ01CE7BT1FQ3F80TCNRQ	Bekzat Almakhan vs. Jean Matsumoto (UFC Fight Night: Fiziev vs. Torres - Prelims)	UFC Fight Night	2026-06-27
ALVE01KVKBQHGKEMH84DNS437R4DHQ	Tahir Abdullayev vs. Jefferson Nascimento (UFC Fight Night: Fiziev vs. Torres - Prelims)	UFC Fight Night	2026-06-27
ALVE01KTKN8F09ER0A2J4VQP8Y696V	Manel Kape vs. Kyoji Horiguchi (UFC Fight Night: Kape vs. Horiguchi - Main)	UFC Fight Night	2026-06-20
ALVE01KTKN8DRAE3VTPG54D6QSVPCP	Ion Cutelaba vs. Navajo Stirling (UFC Fight Night: Kape vs. Horiguchi - Main)	UFC Fight Night	2026-06-20
ALVE01KTKN8EZ0EVC8ZJVMZZJG3QFB	Hyder Amil vs. Christian Rodriguez (UFC Fight Night: Kape vs. Horiguchi - Main)	UFC Fight Night	2026-06-20
ALVE01KTKN8F5PESCBVMNWQ7SXJ0SM	Melsik Baghdasaryan vs. Murtazali Magomedov (UFC Fight Night: Kape vs. Horiguchi - Main)	UFC Fight Night	2026-06-20
ALVE01KV1P5SZ2EXZT41AQFZ4G1PR2	Vinicius Oliveira vs. Andre Fili (UFC Fight Night: Kape vs. Horiguchi - Main)	UFC Fight Night	2026-06-20
ALVE01KTKN8G58EJPT4RPTHGSW70KX	Andre Lima vs. Kevin Borjas (UFC Fight Night: Kape vs. Horiguchi - Prelims)	UFC Fight Night	2026-06-20
ALVE01KTKN8DZME7ZSDJ7TRJX60MCP	Bia Mesquita vs. Melissa Mullins (UFC Fight Night: Kape vs. Horiguchi - Prelims)	UFC Fight Night	2026-06-20
ALVE01KTKN8EZJE239W8XRFZ156SW6	Allan Nascimento vs. Mitch Raposo (UFC Fight Night: Kape vs. Horiguchi - Prelims)	UFC Fight Night	2026-06-20
ALVE01KTKN8DR9E2V8WGR9SHAM6NCY	Gaston Bolanos vs. Michael Aswell Jr. (UFC Fight Night: Kape vs. Horiguchi - Prelims)	UFC Fight Night	2026-06-20
ALVE01KV1MCZ8YEMYTW8B7CWGXJR0Q	Leon Shahbazyan vs. Levan Chokheli (UFC Fight Night: Kape vs. Horiguchi - Prelims)	UFC Fight Night	2026-06-20
ALVE01KTKN8G5WEVASRV02WE5AHARY	Karol Rosa vs. Luana Santos (UFC Fight Night: Kape vs. Horiguchi - Prelims)	UFC Fight Night	2026-06-20
ALVE01KV1MCZ9QEXGT5MM95XD3EEH6	Shane Collins vs. Otari Tanzilovi (UFC Fight Night: Kape vs. Horiguchi - Prelims)	UFC Fight Night	2026-06-20
ALVE01KS3GJ3EGEPZB9AG1VKJ147HC	Belal Muhammad vs. Gabriel Bonfim (UFC Fight Night: Muhammad vs. Bonfim - Main)	UFC Fight Night	2026-06-06
ALVE01KS3GJ5W5E6PRT6VS6FRNRS93	Brendan Allen vs. Edmen Shahbazyan (UFC Fight Night: Muhammad vs. Bonfim - Main)	UFC Fight Night	2026-06-06
ALVE01KS3GJ4RNECJB95NT3DA7EX5A	Fares Ziam vs. Tom Nolan (UFC Fight Night: Muhammad vs. Bonfim - Main)	UFC Fight Night	2026-06-06
ALVE01KSVWVCRNEQCRZ7VX5GARVZ7K	Bryce Mitchell vs. Santiago Luna (UFC Fight Night: Muhammad vs. Bonfim - Main)	UFC Fight Night	2026-06-06
ALVE01KSVWVDDZEJXA0ET5GAASVPK3	Iwo Baraniewski vs. Junior Tafa (UFC Fight Night: Muhammad vs. Bonfim - Main)	UFC Fight Night	2026-06-06
ALVE01KSVWVE60E7TTKDGFN5T32MTZ	Matt Schnell vs. Alessandro Costa (UFC Fight Night: Muhammad vs. Bonfim - Prelims)	UFC Fight Night	2026-06-06
ALVE01KSVWBVDDE8YSK2QHQ7R6T448	Marcus McGhee vs. John Yannis (UFC Fight Night: Muhammad vs. Bonfim - Prelims)	UFC Fight Night	2026-06-06
ALVE01KS3GJ393ET3BCTJK0DC2Z6SY	Bruno Silva vs. Edgar Chairez (UFC Fight Night: Muhammad vs. Bonfim - Prelims)	UFC Fight Night	2026-06-06
ALVE01KS3GJ5K0EQ2BS79ZR3RD48CZ	Priscila Cachoeira vs. Chelsea Chandler (UFC Fight Night: Muhammad vs. Bonfim - Prelims)	UFC Fight Night	2026-06-06
ALVE01KS3GJ4QTE858YNMQJ8JC9JQE	Jordan Leavitt vs. Joanderson Brito (UFC Fight Night: Muhammad vs. Bonfim - Prelims)	UFC Fight Night	2026-06-06
ALVE01KS3GJ5DBEQ0SK4FDWQBN7373	Jeisla Chaves vs. Yuneisy Duben (UFC Fight Night: Muhammad vs. Bonfim - Prelims)	UFC Fight Night	2026-06-06
ALVE01KS3GJ4BWE3MB3PZ8EW0X8T6P	Ketlen Souza vs. Ariane Carnelossi (UFC Fight Night: Muhammad vs. Bonfim - Prelims)	UFC Fight Night	2026-06-06
ALVE01KRC3XSYNE408AP0SGQB9P3VX	Song Yadong vs. Deiveson Figueiredo (UFC Fight Night: Song vs. Figueiredo - Main)	UFC Fight Night	2026-05-30
ALVE01KRC3XRG8ENWS4MGFXEFD14R5	Zhang Mingyang vs. Alonzo Menifield (UFC Fight Night: Song vs. Figueiredo - Main)	UFC Fight Night	2026-05-30
ALVE01KRC3XV9CEFSBDQZE2JFSXVJ1	Sergei Pavlovich vs. Tallison Teixeira (UFC Fight Night: Song vs. Figueiredo - Main)	UFC Fight Night	2026-05-30
ALVE01KRC3XRJQE5STDRR1K341MPCB	Kai Asakura vs. Cameron Smotherman (UFC Fight Night: Song vs. Figueiredo - Main)	UFC Fight Night	2026-05-30
ALVE01KSJF7Z41E33B1X40PG91XGXB	Jake Matthews vs. Carlston Harris (UFC Fight Night: Song vs. Figueiredo - Main)	UFC Fight Night	2026-05-30
ALVE01KRC3XRFZE8R8HRDCQZXKVZ3A	Alex Perez vs. Sumudaerji (UFC Fight Night: Song vs. Figueiredo - Main)	UFC Fight Night	2026-05-30
ALVE01KRC3XSZ3E0TSQVJ84K2297YP	Yi Sak Lee vs. Luis Felipe Dias (UFC Fight Night: Song vs. Figueiredo - Prelims)	UFC Fight Night	2026-05-30
ALVE01KRC3XRN7EJTAY9335NB4AHKC	Ding Meng vs. Jose Souza (UFC Fight Night: Song vs. Figueiredo - Prelims)	UFC Fight Night	2026-05-30
ALVE01KRC3XRM3EFMV6Q1NC6NW7CMD	Aoriqileng vs. Cody Haddon (UFC Fight Night: Song vs. Figueiredo - Prelims)	UFC Fight Night	2026-05-30
ALVE01KSJF7XX9EAASQ78JR811CNQX	Rei Tsuruya vs. Luis Gurule (UFC Fight Night: Song vs. Figueiredo - Prelims)	UFC Fight Night	2026-05-30
ALVE01KRC3XV4QEM1BTSBANEE44DXH	Angela Hill vs. Xiong Jingnan (UFC Fight Night: Song vs. Figueiredo - Prelims)	UFC Fight Night	2026-05-30
ALVE01KSN1B1HJEBYR145T4NTC54KF	Zhu Kangjie vs. Rodrigo Vera (UFC Fight Night: Song vs. Figueiredo - Prelims)	UFC Fight Night	2026-05-30
ALVE01KRC3XV6PEVQ8PZ5NMENY9DD0	Loma Lookboonmee vs. Jaqueline Amorim (UFC Fight Night: Song vs. Figueiredo - Prelims)	UFC Fight Night	2026-05-30
ALVE01KQWQ4CS4EKYBN3WEFBM1DBN7	Arnold Allen vs. Melquizael Costa (UFC Fight Night: Allen vs. Costa - Main)	UFC Fight Night	2026-05-16
ALVE01KQWQ4DQXE32AFTSYECV2VEYM	Dooho Choi vs. Daniel Santos (UFC Fight Night: Allen vs. Costa - Main)	UFC Fight Night	2026-05-16
ALVE01KQWQ4DP1EXV9RFHS4NNBX7H1	Malcolm Wellmaker vs. Juan Diaz (UFC Fight Night: Allen vs. Costa - Main)	UFC Fight Night	2026-05-16
ALVE01KREP7675EQSAHGMDAB3P11P2	Modestas Bukauskas vs. Christian Edwards (UFC Fight Night: Allen vs. Costa - Main)	UFC Fight Night	2026-05-16
ALVE01KQWQ4CSBENF83CZVXVBBPT1B	Timmy Cuamba vs. Benardo Sopaj (UFC Fight Night: Allen vs. Costa - Main)	UFC Fight Night	2026-05-16
ALVE01KRC7MYJQE0QTJ8H58FSJ1N15	Nikolay Veretennikov vs. Khaos Williams (UFC Fight Night: Allen vs. Costa - Main)	UFC Fight Night	2026-05-16
ALVE01KQWQ4BJSECEAEBKH7T6M1QVN	Tuco Tokkos vs. Ivan Erslan (UFC Fight Night: Allen vs. Costa - Prelims)	UFC Fight Night	2026-05-16
ALVE01KREP75F9E4D966XRH82KV4A2	Tommy Gantt vs. Artur Minev (UFC Fight Night: Allen vs. Costa - Prelims)	UFC Fight Night	2026-05-16
ALVE01KQWQ4DX9EWMTKSY9ECEDJXSK	Ketlen Vieira vs. Jacqueline Cavalcanti (UFC Fight Night: Allen vs. Costa - Prelims)	UFC Fight Night	2026-05-16
ALVE01KQWQ4BE9EQ9V6TBE2TDEJX2S	Cody Brundage vs. Andre Petroski (UFC Fight Night: Allen vs. Costa - Prelims)	UFC Fight Night	2026-05-16
ALVE01KQWQ4CKGEZ8TYGDKJHRPYXZJ	Alice Ardelean vs. Polyana Viana (UFC Fight Night: Allen vs. Costa - Prelims)	UFC Fight Night	2026-05-16
ALVE01KQWQ4BDGE61RR27ZJKAHFQX9	Daniel Barez vs. Luis Gurule (UFC Fight Night: Allen vs. Costa - Prelims)	UFC Fight Night	2026-05-16
ALVE01KQWQ4BK1EP898QPM6BXGQ1YP	Shauna Bannon vs. Nicolle Caliari (UFC Fight Night: Allen vs. Costa - Prelims)	UFC Fight Night	2026-05-16
ALVE01KPNGSJKGERJA4ECYQJB0C23B	Jack Della Maddalena vs. Carlos Prates (UFC Fight Night: Della Maddalena vs. Prates - Main)	UFC Fight Night	2026-05-02
ALVE01KPNGRPTJEJF9115RTPHV7PZ1	Beneil Dariush vs. Quillan Salkilld (UFC Fight Night: Della Maddalena vs. Prates - Main)	UFC Fight Night	2026-05-02
ALVE01KPNGR3T6EMJBWZA1423AYEHA	Tim Elliott vs. Steve Erceg (UFC Fight Night: Della Maddalena vs. Prates - Main)	UFC Fight Night	2026-05-02
ALVE01KQAY402BE2B96D7T3MMR114Y	Marwan Rahiki vs. Ollie Schmid (UFC Fight Night: Della Maddalena vs. Prates - Main)	UFC Fight Night	2026-05-02
ALVE01KPNGRF37E90TS4G98SA20DC7	Shamil Gaziev vs. Brando Pericic (UFC Fight Night: Della Maddalena vs. Prates - Main)	UFC Fight Night	2026-05-02
ALVE01KQ068N7CE1FVSQ68ZT3M392S	Tai Tuivasa vs. Louie Sutherland (UFC Fight Night: Della Maddalena vs. Prates - Main)	UFC Fight Night	2026-05-02
ALVE01KPNGSRMCE42VZ8YAJ04S6YPV	Cam Rowston vs. Robert Bryczek (UFC Fight Night: Della Maddalena vs. Prates - Prelims)	UFC Fight Night	2026-05-02
ALVE01KPNGS353EP38A0F56EGGN1SG	Junior Tafa vs. Kevin Christian (UFC Fight Night: Della Maddalena vs. Prates - Prelims)	UFC Fight Night	2026-05-02
ALVE01KPNGR50TEKRA2YFT0RF7B5NC	Jacob Malkoun vs. Gerald Meerschaert (UFC Fight Night: Della Maddalena vs. Prates - Prelims)	UFC Fight Night	2026-05-02
ALVE01KPNGS3FWEQ7AFJM2YD18EM6F	Colby Thicknesse vs. Vince Morales (UFC Fight Night: Della Maddalena vs. Prates - Prelims)	UFC Fight Night	2026-05-02
ALVE01KPNGT0MYEVK9003JQN4FBDZY	Benjamin Johnston vs. Wes Schultz (UFC Fight Night: Della Maddalena vs. Prates - Prelims)	UFC Fight Night	2026-05-02
ALVE01KPNGRB42E2SBWYGVGAQNPM23	Jonathan Micallef vs. Themba Gorimbo (UFC Fight Night: Della Maddalena vs. Prates - Prelims)	UFC Fight Night	2026-05-02
ALVE01KPNGSSWHEAX8QP6V13Z4WWHA	Dom Mar Fan vs. Kody Steele (UFC Fight Night: Della Maddalena vs. Prates - Prelims)	UFC Fight Night	2026-05-02
ALVE01KP662FZME87VA5H9W3DSBSSW	Aljamain Sterling vs. Youssef Zalal (UFC Fight Night: Sterling vs. Zalal - Main)	UFC Fight Night	2026-04-25
ALVE01KP663DYKEGTBD2251F88J12N	Norma Dumont vs. Joselyne Edwards (UFC Fight Night: Sterling vs. Zalal - Main)	UFC Fight Night	2026-04-25
ALVE01KP662XB9E3AAVKXZAFKZS28D	Rafa Garcia vs. Alexander Hernandez (UFC Fight Night: Sterling vs. Zalal - Main)	UFC Fight Night	2026-04-25
ALVE01KP662AV5E22V7N61H8VJV1CN	Davey Grant vs. Adrian Luna Martinetti (UFC Fight Night: Sterling vs. Zalal - Main)	UFC Fight Night	2026-04-25
ALVE01KP6629VPED59106WQF3VT5QF	Montel Jackson vs. Raoni Barcelos (UFC Fight Night: Sterling vs. Zalal - Main)	UFC Fight Night	2026-04-25
ALVE01KP662P8ZESDSXN2TMB4XR650	Marcus Buchecha vs. Ryan Spann (UFC Fight Night: Sterling vs. Zalal - Main)	UFC Fight Night	2026-04-25
ALVE01KP662MWYEMPBDXWZ5BDKQV9Q	Rodolfo Vieira vs. Eric McConico (UFC Fight Night: Sterling vs. Zalal - Prelims)	UFC Fight Night	2026-04-25
ALVE01KP6640GYER2TXX6S2DC29GVX	Jackson McVey vs. Sedriques Dumas (UFC Fight Night: Sterling vs. Zalal - Prelims)	UFC Fight Night	2026-04-25
ALVE01KP663JEBE0XT3CF13WW4NZSD	Mayra Bueno Silva vs. Michelle Montague (UFC Fight Night: Sterling vs. Zalal - Prelims)	UFC Fight Night	2026-04-25
ALVE01KPP10WTREHQ8CZGFNNDR5T9B	Jafel Filho vs. Cody Durden (UFC Fight Night: Sterling vs. Zalal - Prelims)	UFC Fight Night	2026-04-25
ALVE01KPS392Q4ERD8TECGX2HK0Z5Q	Francis Marshall vs. Lucas Brennan (UFC Fight Night: Sterling vs. Zalal - Prelims)	UFC Fight Night	2026-04-25
ALVE01KPPJ858HE8V91TSQAK8CQ0TG	Max Griffin vs. Victor Valenzuela (UFC Fight Night: Sterling vs. Zalal - Prelims)	UFC Fight Night	2026-04-25
ALVE01KP66433SE629JDRMTK03A3PE	Talita Alencar vs. Julia Polastri (UFC Fight Night: Sterling vs. Zalal - Prelims)	UFC Fight Night	2026-04-25
ALVE01KNMQXP0FERYR969YBZWC4BF1	Gilbert Burns vs. Mike Malott (UFC Fight Night: Burns vs. Malott - Main)	UFC Fight Night	2026-04-18
ALVE01KNMQXDZPE9CRHCPNYY3N4TYS	Kyler Phillips vs. Charles Jourdain (UFC Fight Night: Burns vs. Malott - Main)	UFC Fight Night	2026-04-18
ALVE01KNMQWRYWEHR8RZACWEBM3YN2	Mandel Nallo vs. Jai Herbert (UFC Fight Night: Burns vs. Malott - Main)	UFC Fight Night	2026-04-18
ALVE01KNMQWCBCETRRH12SWGAN82CB	Jasmine Jasudavicius vs. Karine Silva (UFC Fight Night: Burns vs. Malott - Main)	UFC Fight Night	2026-04-18
ALVE01KNPZ3WV7E889PB709ARC6PJV	Thiago Moises vs. Gauge Young (UFC Fight Night: Burns vs. Malott - Main)	UFC Fight Night	2026-04-18
ALVE01KNMQWYC7EHZRVF8K0MY36CKP	Dennis Buzukja vs. Marcio Barbosa (UFC Fight Night: Burns vs. Malott - Main)	UFC Fight Night	2026-04-18
ALVE01KNMQWYENEVPA3T4EF0NDZ0QG	Julien Leblanc vs. Robert Valentin (UFC Fight Night: Burns vs. Malott - Prelims)	UFC Fight Night	2026-04-18
ALVE01KNMQYDWDEANAS8P8YBY8PVMD	Tanner Boser vs. Gokhan Saricam (UFC Fight Night: Burns vs. Malott - Prelims)	UFC Fight Night	2026-04-18
ALVE01KNMQY2ESE63SB11DYAVEXQ2R	Melissa Croden vs. Daria Zhelezniakova (UFC Fight Night: Burns vs. Malott - Prelims)	UFC Fight Night	2026-04-18
ALVE01KNMQXNDPEDE9JRJJ0ZXTE43P	JJ Aldrich vs. Jamey-Lyn Horth (UFC Fight Night: Burns vs. Malott - Prelims)	UFC Fight Night	2026-04-18
ALVE01KPE3SYCKE0MA3EYFR5CWW7V5	John Castaneda vs. Mark Vologdin (UFC Fight Night: Burns vs. Malott - Prelims)	UFC Fight Night	2026-04-18
ALVE01KNY9D7JYEB2AFGXHNTCRCNWJ	Jamie Siraj vs. John Yannis (UFC Fight Night: Burns vs. Malott - Prelims)	UFC Fight Night	2026-04-18
ALVE01KMGNG8H3EA5AH3EEW6HHM8SR	Renato Moicano vs. Chris Duncan (UFC Fight Night: Moicano vs. Duncan - Main)	UFC Fight Night	2026-04-04
ALVE01KMGNJ1FSEQ2AH7YZRF3KF1AS	Virna Jandiroba vs. Tabatha Ricci (UFC Fight Night: Moicano vs. Duncan - Main)	UFC Fight Night	2026-04-04
ALVE01KMGNGN9GE4NBTZ7QBJ798Z0Q	Abdul Rakhman Yakhyaev vs. Brendson Ribeiro (UFC Fight Night: Moicano vs. Duncan - Main)	UFC Fight Night	2026-04-04
ALVE01KMGNJ3KTERAVE8CHBFSZ103Q	Ethyn Ewing vs. Rafael Estevam (UFC Fight Night: Moicano vs. Duncan - Main)	UFC Fight Night	2026-04-04
ALVE01KMGNHN02E80831EJDTPN9BP9	Tommy McMillen vs. Manolo Zecchini (UFC Fight Night: Moicano vs. Duncan - Main)	UFC Fight Night	2026-04-04
ALVE01KMGNH0VEEGT9XNXNPHX1CANW	Jose Delano vs. Robert Ruchala (UFC Fight Night: Moicano vs. Duncan - Main)	UFC Fight Night	2026-04-04
ALVE01KMGNGV03E6EARTVY18T4F2XS	Guilherme Pat vs. Thomas Petersen (UFC Fight Night: Moicano vs. Duncan - Prelims)	UFC Fight Night	2026-04-04
ALVE01KMGNG9MNEZ6TCA7CVV56ZBAG	Alessandro Costa vs. Stewart Nicoll (UFC Fight Night: Moicano vs. Duncan - Prelims)	UFC Fight Night	2026-04-04
ALVE01KMGNH7Q7E6X90KCGG3DZGDDK	Lando Vannata vs. Darrius Flowers (UFC Fight Night: Moicano vs. Duncan - Prelims)	UFC Fight Night	2026-04-04
ALVE01KMGNJ182ECRSS0FW03CM5EAX	Alice Pereira vs. Hailey Cowan (UFC Fight Night: Moicano vs. Duncan - Prelims)	UFC Fight Night	2026-04-04
ALVE01KMGNGV9BE4JR26MP9FH8Q2H3	Azamat Bekoev vs. Tresean Gore (UFC Fight Night: Moicano vs. Duncan - Prelims)	UFC Fight Night	2026-04-04
ALVE01KMGNGNY3E57V24D8Q4FM5PNP	Dione Barbosa vs. Melissa Gatto (UFC Fight Night: Moicano vs. Duncan - Prelims)	UFC Fight Night	2026-04-04
ALVE01KN7W5VX3E5EVNC2ZQWAYKEK6	Kai Kamaka III vs. Dakota Hope (UFC Fight Night: Moicano vs. Duncan - Prelims)	UFC Fight Night	2026-04-04
ALVE01KKYH7MAZEBVSA0PHV2SETAQG	Israel Adesanya vs. Joe Pyfer (UFC Fight Night: Adesanya vs. Pyfer - Main)	UFC Fight Night	2026-03-28
ALVE01KKYH7DZSEV5VYBEXPHV91BZE	Alexa Grasso vs. Maycee Barber (UFC Fight Night: Adesanya vs. Pyfer - Main)	UFC Fight Night	2026-03-28
ALVE01KMGZ78XCENG8DG5GJHQ519KH	Michael Chiesa vs. Niko Price (UFC Fight Night: Adesanya vs. Pyfer - Main)	UFC Fight Night	2026-03-28
ALVE01KKYH5H2JETFS3ZZZJ997XY8H	Julian Erosa vs. Lerryan Douglas (UFC Fight Night: Adesanya vs. Pyfer - Main)	UFC Fight Night	2026-03-28
ALVE01KKYH62N5EP1VE181NFBS7V1T	Mansur Abdul-Malik vs. Yousri Belgaroui (UFC Fight Night: Adesanya vs. Pyfer - Main)	UFC Fight Night	2026-03-28
ALVE01KKYH7TPMERS94WKHA1GS4P6T	Terrance McKinney vs. Kyle Nelson (UFC Fight Night: Adesanya vs. Pyfer - Main)	UFC Fight Night	2026-03-28
ALVE01KKYH5SJ1ERH8HS479E14S22M	Ignacio Bahamondes vs. Tofiq Musayev (UFC Fight Night: Adesanya vs. Pyfer - Prelims)	UFC Fight Night	2026-03-28
ALVE01KKYH5HSAEHDV3XGJY6N0R0K3	Chase Hooper vs. Lance Gibson Jr. (UFC Fight Night: Adesanya vs. Pyfer - Prelims)	UFC Fight Night	2026-03-28
ALVE01KM6QZPYCEGAR2J9XRN4YASAR	Marcin Tybura vs. Tyrell Fortune (UFC Fight Night: Adesanya vs. Pyfer - Prelims)	UFC Fight Night	2026-03-28
ALVE01KKYH5ZWXEWJSMMWMQF99X62W	Casey O’Neill vs. Gabriella Fernandes (UFC Fight Night: Adesanya vs. Pyfer - Prelims)	UFC Fight Night	2026-03-28
ALVE01KKYH6W87EKXTAEVGSRMZPW8M	Navajo Stirling vs. Bruno Lopes (UFC Fight Night: Adesanya vs. Pyfer - Prelims)	UFC Fight Night	2026-03-28
ALVE01KM6QZCVSE10B9X77TXQ96EVV	Ricky Simon vs. Adrian Yanez (UFC Fight Night: Adesanya vs. Pyfer - Prelims)	UFC Fight Night	2026-03-28
ALVE01KKYH6TFNEF0TBV41J1KSH3S8	Alexia Thainara vs. Bruna Brasil (UFC Fight Night: Adesanya vs. Pyfer - Prelims)	UFC Fight Night	2026-03-28
ALVE01KKVRMT9WEERTMM6YW99FBQ6V	Movsar Evloev vs. Lerone Murphy (UFC Fight Night: Evloev vs. Murphy - Main)	UFC Fight Night	2026-03-21
ALVE01KKVRMM0JEWGR1M4DN2EHBEMN	Luke Riley vs. Michael Aswell Jr. (UFC Fight Night: Evloev vs. Murphy - Main)	UFC Fight Night	2026-03-21
ALVE01KKVRMKTMENFRSZ6BC0F79HYS	Michael “Venom” Page vs. Sam Patterson (UFC Fight Night: Evloev vs. Murphy - Main)	UFC Fight Night	2026-03-21
ALVE01KKVRNK3NED9873PRGK827TT5	Iwo Baraniewski vs. Austen Lane (UFC Fight Night: Evloev vs. Murphy - Main)	UFC Fight Night	2026-03-21
ALVE01KKVRN8KSER6V5QB1M5MDXDY2	Roman Dolidze vs. Christian Leroy Duncan (UFC Fight Night: Evloev vs. Murphy - Main)	UFC Fight Night	2026-03-21
ALVE01KKVRMNS8EZ7RAJVR9MC43140	Kurtis Campbell vs. Danny Silva (UFC Fight Night: Evloev vs. Murphy - Main)	UFC Fight Night	2026-03-21
ALVE01KKVRPHCQEHDB2Z5DW27AFM4C	Mason Jones vs. Axel Sola (UFC Fight Night: Evloev vs. Murphy - Prelims)	UFC Fight Night	2026-03-21
ALVE01KKVRNRPGE7JR1X9K66EB40R1	Nathaniel Wood vs. Losene Keita (UFC Fight Night: Evloev vs. Murphy - Prelims)	UFC Fight Night	2026-03-21
ALVE01KKVRPW3YE7F8KC97T5796AZ9	Mario Pinto vs. Felipe Franco (UFC Fight Night: Evloev vs. Murphy - Prelims)	UFC Fight Night	2026-03-21
ALVE01KKVRN7SQEFVT6TK4YZ1Q9GDN	Mantas Kondratavicius vs. Antonio Trocoli (UFC Fight Night: Evloev vs. Murphy - Prelims)	UFC Fight Night	2026-03-21
ALVE01KKVRNQRDE4FVRA6193SBV0RH	Louie Sutherland vs. Brando Pericic (UFC Fight Night: Evloev vs. Murphy - Prelims)	UFC Fight Night	2026-03-21
ALVE01KKVRNXARE9691YW82GW6K611	Shem Rock vs. Abdul-Kareem Al-Selwady (UFC Fight Night: Evloev vs. Murphy - Prelims)	UFC Fight Night	2026-03-21
ALVE01KKVRP9T1EA4A7QV52B9GVDGP	Shanelle Dyer vs. Ravena Oliveira (UFC Fight Night: Evloev vs. Murphy - Prelims)	UFC Fight Night	2026-03-21
ALVE01KKEYC1PHENQBHPVVWEWDFGV2	Marwan Rahiki vs. Harry Hardwick (UFC Fight Night: Emmett vs. Vallejos - Main)	UFC Fight Night	2026-03-14
ALVE01KKF6WCJNEV0R3DE1Z4QEETK0	Ion Cutelaba vs. Oumar Sy (UFC Fight Night: Emmett vs. Vallejos - Main)	UFC Fight Night	2026-03-14
ALVE01KKEYCR7TEVXR43Q7TB0C0TAN	Charles Johnson vs. Bruno Silva (UFC Fight Night: Emmett vs. Vallejos - Main)	UFC Fight Night	2026-03-14
ALVE01KKEYC5FYEEEBZ3PN3DKQWTS9	Chris Curtis vs. Myktybek Orolbai (UFC Fight Night: Emmett vs. Vallejos - Prelims)	UFC Fight Night	2026-03-14
ALVE01KKF7NQSREF0A4N7KAPRGD5SK	Vitor Petrino vs. Steven Asplund (UFC Fight Night: Emmett vs. Vallejos - Prelims)	UFC Fight Night	2026-03-14
ALVE01KKF8H2SPE2GB79M4SWA3D72W	Elijah Smith vs. SuYoung You (UFC Fight Night: Emmett vs. Vallejos - Prelims)	UFC Fight Night	2026-03-14
ALVE01KKEYCTB2E6YVC7M1DGG6XKKJ	Bolaji Oki vs. Manoel Sousa (UFC Fight Night: Emmett vs. Vallejos - Prelims)	UFC Fight Night	2026-03-14
ALVE01KKFVQSJ9ERABJG0SPCR4WPNP	Brad Tavares vs. Eryk Anders (UFC Fight Night: Emmett vs. Vallejos - Prelims)	UFC Fight Night	2026-03-14
ALVE01KKF8469AEJBSDY9YW684526B	Bia Mesquita vs. Montse Rendon (UFC Fight Night: Emmett vs. Vallejos - Prelims)	UFC Fight Night	2026-03-14
ALVE01KKEYC53SEH09Y07PCPAKKHTR	Luan Lacerda vs. Hecher Sosa (UFC Fight Night: Emmett vs. Vallejos - Prelims)	UFC Fight Night	2026-03-14
ALVE01KKEYDNV6EZA8SVK6C66SJJH2	Piera Rodriguez vs. Sam Hughes (UFC Fight Night: Emmett vs. Vallejos - Prelims)	UFC Fight Night	2026-03-14
ALVE01KKEYCZFSEAD9EQX15HVDT37W	Josh Emmett vs. Kevin Vallejos (UFC Fight Night: Emmett vs. Vallejos - Main)	UFC Fight Night	2026-03-14
ALVE01KKEYD0PDEJFBW70XZ7TKD31N	Amanda Lemos vs. Gillian Robertson (UFC Fight Night: Emmett vs. Vallejos - Main)	UFC Fight Night	2026-03-14
ALVE01KKF7DM1GEG3TET655G37KF4G	Andre Fili vs. Jose Delgado (UFC Fight Night: Emmett vs. Vallejos - Main)	UFC Fight Night	2026-03-14
cBmgXu39s0CM1P3iD0EosdhETsVAY85A	Brandon Moreno vs. Lone'er Kavanagh (UFC Fight Night: Moreno vs. Kavanagh - Main)	UFC Fight Night	2026-02-28
d1smtBicS_NJTMCRmi7jlZc800zVBYVA	Marlon Vera vs. David Martinez (UFC Fight Night: Moreno vs. Kavanagh - Main)	UFC Fight Night	2026-02-28
aQQLoH6xIxla7DRIsaV90U3Z_gmop1NG	Daniel Zellhuber vs. King Green (UFC Fight Night: Moreno vs. Kavanagh - Main)	UFC Fight Night	2026-02-28
IVPYd6pIUwWARgain_1dSzpBhTcrZAG8	Edgar Chairez vs. Felipe Bunes (UFC Fight Night: Moreno vs. Kavanagh - Main)	UFC Fight Night	2026-02-28
7x4c9_OOnrOb05GoDtu7_vMpB24ZHLgE	Imanol Rodriguez vs. Kevin Borjas (UFC Fight Night: Moreno vs. Kavanagh - Main)	UFC Fight Night	2026-02-28
7efif5Yf4io7FdztG0t0wMUP5rwTdJ_q	Santiago Luna vs. Angel Pacheco (UFC Fight Night: Moreno vs. Kavanagh - Main)	UFC Fight Night	2026-02-28
lp4dukWmoviyJEy1CZcfZmMJ8e_6zKva	Ryan Gandra vs. Jose Daniel Medina (UFC Fight Night: Moreno vs. Kavanagh - Prelims)	UFC Fight Night	2026-02-28
wm6QuzURJ2c0ejCmwXuYzaAF18PWGaV7	Ailin Perez vs. Macy Chiasson (UFC Fight Night: Moreno vs. Kavanagh - Prelims)	UFC Fight Night	2026-02-28
xEfZmxNxkPMWjB10ePJ51YLZgZ5tOD3k	Cristian Quinonez vs. Kris Moutinho (UFC Fight Night: Moreno vs. Kavanagh - Prelims)	UFC Fight Night	2026-02-28
guPx8_Qk56mwduwwU8B4TFlASLWDiC7b	Douglas Silva de Andrade vs. Javier Reyes (UFC Fight Night: Moreno vs. Kavanagh - Prelims)	UFC Fight Night	2026-02-28
JcvSC6dFp8B2BQjntDtewVOK7CfzQGrl	Regina Tarin vs. Ernesta Kareckaite (UFC Fight Night: Moreno vs. Kavanagh - Prelims)	UFC Fight Night	2026-02-28
wAawh6glavxbcTVqWsTKT_SzOR9fASta	Erik Silva vs. Francis Marshall (UFC Fight Night: Moreno vs. Kavanagh - Prelims)	UFC Fight Night	2026-02-28
EjKJkiurYvgeMCTIXe00UQsi84LAuFYV	Damian Pinas vs. Wes Schultz (UFC Fight Night: Moreno vs. Kavanagh - Prelims)	UFC Fight Night	2026-02-28
TImMSe4J8nl5r0uyGhmOA09tdgsVlxVU	Sean Strickland vs. Anthony Hernandez (UFC Fight Night: Strickland vs. Hernandez - Main)	UFC Fight Night	2026-02-21
NVF2kXimGlQIA9wM2SRvizdAIpPO2nZJ	Geoff Neal vs. Uros Medic (UFC Fight Night: Strickland vs. Hernandez - Main)	UFC Fight Night	2026-02-21
reMyhX447HtN4n_qJccBa5hWH5OJwqhc	Dan Ige vs. Melquizael Costa (UFC Fight Night: Strickland vs. Hernandez - Main)	UFC Fight Night	2026-02-21
GBIMCp36UpF7sgrHIRfP49bOkeQnxxZY	Serghei Spivac vs. Ante Delija (UFC Fight Night: Strickland vs. Hernandez - Main)	UFC Fight Night	2026-02-21
AilN82Rwb201qYowUaDtLw_9GZwmhrpA	Jacobe Smith vs. Josiah Harrell (UFC Fight Night: Strickland vs. Hernandez - Main)	UFC Fight Night	2026-02-21
8GSbg_NensZh9m_YGfv1Qp5lj4jYcXYo	Zach Reese vs. Michel Pereira (UFC Fight Night: Strickland vs. Hernandez - Main)	UFC Fight Night	2026-02-21
e4hRXBfTsi3dRP3sAgkNK03nFTqWXAmP	Chidi Njokuani vs. Carlos Leal (UFC Fight Night: Strickland vs. Hernandez - Prelims)	UFC Fight Night	2026-02-21
TQ854m_14W_GOFS_RMiX1fxnIuREP3kD	Ode Osbourne vs. Alibi Idiris (UFC Fight Night: Strickland vs. Hernandez - Prelims)	UFC Fight Night	2026-02-21
m54TiwHxQPs5kRves2CZ6X2hJKfX2tVk	Alden Coria vs. Luis Gurule (UFC Fight Night: Strickland vs. Hernandez - Prelims)	UFC Fight Night	2026-02-21
zIlmoS7w4EpVq5CAuzHWChb7KbPJG3_m	Nora Cornolle vs. Joselyne Edwards (UFC Fight Night: Strickland vs. Hernandez - Prelims)	UFC Fight Night	2026-02-21
WUC_PQpOMLP1GCIYqblwRC1mUxzlSRXi	Ramiz Brahimaj vs. Punahele Soriano (UFC Fight Night: Strickland vs. Hernandez - Prelims)	UFC Fight Night	2026-02-21
_K8pyrOZcL5hX0W6TS_WBRZGBUAOmv_A	Phil Rowe vs. Jean-Paul Lebosnoyani (UFC Fight Night: Strickland vs. Hernandez - Prelims)	UFC Fight Night	2026-02-21
mg6EcYlLkzkw7dHYfUpgEFbzyjPS4kAe	Jordan Leavitt vs. Yadier del Valle (UFC Fight Night: Strickland vs. Hernandez - Prelims)	UFC Fight Night	2026-02-21
AbF_Pw8sO9bQUwSi7_xzZTLo1XPqUCJu	Juliana Miller vs. Carli Judice (UFC Fight Night: Strickland vs. Hernandez - Prelims)	UFC Fight Night	2026-02-21
NGbMk_pwGhbIqTh5k9dFUKS8gxtkq707	Mario Bautista vs. Vinicius Oliveira (UFC Fight Night: Bautista vs. Oliveira - Main)	UFC Fight Night	2026-02-07
7XrPAopc8QEqpwAED7L9lX_9VaUyeJD7	Amir Albazi vs. Kyoji Horiguchi (UFC Fight Night: Bautista vs. Oliveira - Main)	UFC Fight Night	2026-02-07
nqyekZI8vkHEz5n4v00OIsJ5bakKEK_L	Jailton Almeida vs. Rizvan Kuniev (UFC Fight Night: Bautista vs. Oliveira - Main)	UFC Fight Night	2026-02-07
hYZo3AsKeEiBdNbrrL2D93zqeVBxs1gf	Michal Oleksiejczuk vs. Marc-Andre Barriault (UFC Fight Night: Bautista vs. Oliveira - Main)	UFC Fight Night	2026-02-07
JKefS34JWeazuxoda3jGb1ynK_fvyPk1	Jean Matsumoto vs. Farid Basharat (UFC Fight Night: Bautista vs. Oliveira - Main)	UFC Fight Night	2026-02-07
o83qXHmYdR5E7BLijPCeChLbcsiS20HA	Dustin Jacoby vs. Julius Walker (UFC Fight Night: Bautista vs. Oliveira - Main)	UFC Fight Night	2026-02-07
Io3MT0J2oCJVITAm6Qs6cklbL_3Ti_2k	Alex Morono vs. Daniil Donchenko  (UFC Fight Night: Bautista vs. Oliveira - Prelims)	UFC Fight Night	2026-02-07
R0Aukjf__EPkLaFN1qU65O6qy28J_O5z	Nikolay Veretennikov vs. Niko Price (UFC Fight Night: Bautista vs. Oliveira - Prelims)	UFC Fight Night	2026-02-07
o5WiSVvn_vgwTOlqgarMKY0EVwQZ5CY7	Bruna Brasil vs. Ketlen Souza (UFC Fight Night: Bautista vs. Oliveira - Prelims)	UFC Fight Night	2026-02-07
ATMGPjgCgVbPJBCRFucyWdb5GqhWBOI4	Javid Basharat vs. Gianni Vazquez (UFC Fight Night: Bautista vs. Oliveira - Prelims)	UFC Fight Night	2026-02-07
paafSVGNlbe5MiNfYaYi4DG7Qs_Hizvs	Wang Cong vs. Eduarda Moura (UFC Fight Night: Bautista vs. Oliveira - Prelims)	UFC Fight Night	2026-02-07
Ux1CIZEh3Y_ag2LH8XfvX2Xm6wJvWXLD	Muin Gafurov vs. Jakub Wiklacz (UFC Fight Night: Bautista vs. Oliveira - Prelims)	UFC Fight Night	2026-02-07
AUgwEiWeIfIt_xwl5SMBofcMpsfQ03aH	Klaudia Sygula vs. Priscila Cachoeira (UFC Fight Night: Bautista vs. Oliveira - Prelims)	UFC Fight Night	2026-02-07
vIjdRZTlqZk5QlWwZTidPj1Ko1xtEUwX	Diego Lopes vs. Jean Silva	UFC Fight Night	2025-09-13
66HTAX0PPaJdySwCC4HkhDNMM3dEQIXZ	Petr Yan vs. Marcus McGhee	UFC Fight Night	2025-07-06
ALVE01KMGXPM9CE5V8H9GJY67VZQD5	Jan Blachowicz vs. Carlos Ulberg (UFC Fight Night: Edwards vs. Brady)	UFC Fight Night	2025-03-22
79ZJacx7W_zNXX2Fp38zYIgnBYhiPmLq	Israel Adesanya  vs. Nassourdine Imavov	UFC Fight Night	2025-02-01
zv2AFWU36WbJBvSUPTjFqzcEjrKzEUaE	Mackenzie Dern vs. Amanda Ribas	UFC Fight Night	2025-01-11
ALVE01KMGXNSKSEP5B38QP3PQB9CHJ	Volkan Oezdemir vs. Carlos Ulberg (UFC Fight Night: Yan vs. Figueiredo)	UFC Fight Night	2024-11-23
dMEPP1ErmQ3pTqwKy0DeCMdui36Vlqwk	Petr Yan vs. Deiveson Figueiredo	UFC Fight Night	2024-11-23
ALVE01KQTDCX07EDKT8AG2RD3C4E28	Aiemann Zahabi vs. Pedro Munhoz (UFC Fight Night: Moreno vs. Albazi)	UFC Fight Night	2024-11-02
KFOGpSeXkcY8wEFDfFdlprY2Awou9j0J	Mackenzie Dern vs. Loopy Godinez	UFC Fight Night	2024-08-03
ALVE01KQG84NPZEZSVTSQHHZ4V7H1M	Steve Garcia vs. SeungWoo Choi	UFC Fight Night	2024-07-20
_GdNzb77tNUHQQLINVAl1EHTN4XRCAvd	Joshua Van vs. Charles Johnson	UFC Fight Night	2024-07-13
ALVE01KMGXNA5YEP1TN24G3RSS0X51	Alonzo Menifield vs. Carlos Ulberg (UFC Fight Night: Lewis vs. Nascimento)	UFC Fight Night	2024-05-11
KAbktrfQo0RHIa5TqiI7ptoFhKfZewMK	Joshua Van vs. Felipe Bunes	UFC Fight Night	2024-01-13
Mz3Arak5_hDPbBKjnkSEsw9PBKdPoym5	Magomed Ankalaev vs. Johnny Walker	UFC Fight Night	2024-01-13
ALVE01KXA7V3DFER1T2CATZQEP23VE	UFC 329 in 60-Min. All Fights. No Filler.	UFC	2026-07-11
ALVE01KXA7NM5MEC0SQPGYAR9J3RH8	UFC 329 in 25-Min. All Fights. No Filler.	UFC	2026-07-11
ALVE01KXA7J544EG0SFT4E0NDPJF39	UFC 329 Must-See Finishes	UFC	2026-07-11
ALVE01KXA7G84SEZ7TJS7HCDENX2PY	McGregor vs. Holloway Highlights - UFC 329	UFC	2026-07-11
ALVE01KXA5SXD9E8ERCNEPE7THZV9D	Saint-Denis vs. Pimblett Highlights - UFC 329	UFC	2026-07-11
ALVE01KXA4FFWGEXNSZE3E8FVQ3547	Sandhagen vs. Bautista Highlights - UFC 329	UFC	2026-07-11
ALVE01KXA34DPKE2RT8F50G5KZ2H3P	Royval vs. Kavanagh Highlights - UFC 329	UFC	2026-07-11
ALVE01KXA047P8E0TTQWH8KK031R4M	Green vs. McKinney Highlights - UFC 329	UFC	2026-07-11
ALVE01KX9XWHE0E3MT3MGE8PPDZYCJ	Krylov vs. Whittaker Highlights - UFC 329	UFC	2026-07-11
ALVE01KX9WRSM7E0882B6R1Q0J1PKC	Steveson vs. Ellison Highlights - UFC 329	UFC	2026-07-11
ALVE01KX9TWJGNEQAA7DGD2D581WAQ	Garbrandt vs. Yanez Highlights - UFC 329	UFC	2026-07-11
ALVE01KX9RPM6FE7V9J88CGXC8GDJZ	Riley vs. Kamaka III Highlights - UFC 329	UFC	2026-07-11
ALVE01KX9QGDG9E2TT0805S1ASPN7G	Cortez vs. Wang Highlights - UFC 329	UFC	2026-07-11
ALVE01KX9NK4WME5T9FPMJYQF3EKFC	Pinas vs. Almeida Highlights - UFC 329	UFC	2026-07-11
ALVE01KX9MPZ78EZ8RWTHMQ25G5E4F	Basharat vs. Garza Highlights - UFC 329	UFC	2026-07-11
ALVE01KX9JJD3FEN9RC3GFHJDQN2KB	Gandra vs. Reese Highlights - UFC 329	UFC	2026-07-11
ALVE01KX9HP37EEFSTYKEBRE3452X7	Costa vs. Durden Highlights - UFC 329	UFC	2026-07-11
ALVE01KTQ07CRAECGT3CDCMB7FPFE8	UFC at the White House: Topuria vs. Gaethje - All The Fights	UFC at the White House	2026-06-14
ALVE01KT1YFEMZE2KTH5G109TS9E1W	Ilia Topuria vs. Justin Gaethje (UFC Freedom 250 - Main)	UFC at the White House	2026-06-14
ALVE01KT1YFEKQE6MAFD0ZK62BQMTK	Alex Pereira vs. Ciryl Gane (UFC Freedom 250 - Main)	UFC at the White House	2026-06-14
ALVE01KT1YFDFWE3TT1RQDNSDXNM3Q	Sean O'Malley vs. Aiemann Zahabi (UFC Freedom 250 - Main)	UFC at the White House	2026-06-14
ALVE01KT1YFD9NEP3SVBKANTP25MYB	Josh Hokit vs. Derrick Lewis (UFC Freedom 250 - Main)	UFC at the White House	2026-06-14
ALVE01KT1YFDAEE7GV2P1KEZHH56DR	Mauricio Ruffy vs. Michael Chandler (UFC Freedom 250 - Main)	UFC at the White House	2026-06-14
ALVE01KT1YFDBFESYBGN4RHRFKVDAN	Bo Nickal vs. Kyle Daukaus (UFC Freedom 250 - Main)	UFC at the White House	2026-06-14
ALVE01KT1YFDFJEKKTE27ENYD246C0	Diego Lopes vs. Steve Garcia (UFC Freedom 250 - Main)	UFC at the White House	2026-06-14
ALVE01KV3D9YFWEKS8FEXJ1AC4Z6CP	UFC Embedded (Topuria vs. Gaethje) - Episode 7	UFC at the White House	2026-06-14
ALVE01KT7HG05ZEQ0SCQRJZY5Y0BF2	UFC Embedded (Topuria vs. Gaethje) - Episode 6	UFC at the White House	2026-06-13
ALVE01KT7HFY4EETV94WBJWR7D7S16	UFC Embedded (Topuria vs. Gaethje) - Episode 5	UFC at the White House	2026-06-12
ALVE01KT7HFWAREKHSJ7MXP4WYAN8Z	UFC Embedded (Topuria vs. Gaethje) - Episode 4	UFC at the White House	2026-06-11
ALVE01KT7HFTKQEG9T02M533YWZ29V	UFC Embedded (Topuria vs. Gaethje) - Episode 3	UFC at the White House	2026-06-10
ALVE01KT7HFMA0EW393W8WZTCKN5ZT	UFC Embedded (Topuria vs. Gaethje) - Episode 1	UFC at the White House	2026-06-10
ALVE01KT7HFRC8EM4T7ZGFZ9ZJB929	UFC Embedded (Topuria vs. Gaethje) - Episode 2	UFC at the White House	2026-06-09